timestamp,frame_id,people_count,violations_count,person_id,missing
2025-11-21 07:28:14,1,3,1,,
2025-11-21 07:28:14,1,3,1,1,helmet
2025-11-21 07:28:14,2,3,2,,
2025-11-21 07:28:14,2,3,2,0,helmet
2025-11-21 07:28:14,2,3,2,1,"helmet,vest"
2025-11-21 07:28:14,1,3,1,,
2025-11-21 07:28:14,1,3,1,2,vest
2025-11-21 07:28:15,2,3,1,,
2025-11-21 07:28:15,2,3,1,0,helmet
2025-11-21 07:28:15,3,3,1,,
2025-11-21 07:28:15,3,3,1,2,vest
2025-11-21 07:28:16,4,3,0,,
2025-11-21 07:28:16,5,3,1,,
2025-11-21 07:28:16,5,3,1,1,"helmet,vest"
2025-11-21 07:28:59,1,3,0,,
2025-11-21 07:28:59,1,3,1,,
2025-11-21 07:28:59,1,3,1,0,helmet
2025-11-21 07:28:59,2,3,0,,
2025-11-21 07:29:00,3,3,1,,
2025-11-21 07:29:00,3,3,1,2,helmet
2025-11-21 07:29:00,4,3,0,,
2025-11-21 07:29:01,5,3,0,,
2025-11-21 07:29:01,6,3,1,,
2025-11-21 07:29:01,6,3,1,0,vest
2025-11-21 07:29:02,7,3,0,,
2025-11-21 07:29:02,8,3,1,,
2025-11-21 07:29:02,8,3,1,2,vest
2025-11-21 07:29:03,9,3,0,,
2025-11-21 07:29:03,10,3,0,,
2025-11-21 07:29:04,11,3,2,,
2025-11-21 07:29:04,11,3,2,0,"helmet,vest"
2025-11-21 07:29:04,11,3,2,2,"helmet,vest"
2025-11-21 07:29:04,12,3,0,,
2025-11-21 07:29:05,13,3,1,,
2025-11-21 07:29:05,13,3,1,2,vest
2025-11-21 07:29:05,14,3,0,,
2025-11-21 07:29:06,15,3,0,,
2025-11-21 07:29:06,16,3,1,,
2025-11-21 07:29:06,16,3,1,0,helmet
2025-11-21 07:29:09,1,3,1,,
2025-11-21 07:29:09,1,3,1,1,"helmet,vest"
2025-11-21 07:29:10,2,3,0,,
2025-11-21 07:29:10,3,3,0,,
2025-11-21 07:29:11,4,3,0,,
2025-11-21 07:29:11,5,3,1,,
2025-11-21 07:29:11,5,3,1,2,vest
2025-11-21 07:29:12,6,3,0,,
2025-11-21 07:29:12,7,3,1,,
2025-11-21 07:29:12,7,3,1,2,vest
2025-11-21 07:29:13,8,3,0,,
2025-11-21 07:29:13,9,3,1,,
2025-11-21 07:29:13,9,3,1,2,"helmet,vest"
2025-11-21 07:29:14,10,3,0,,
2025-11-21 07:29:14,11,3,0,,
2025-11-21 07:29:15,12,3,1,,
2025-11-21 07:29:15,12,3,1,0,helmet
2025-11-21 07:29:15,13,3,1,,
2025-11-21 07:29:15,13,3,1,0,vest
2025-11-21 07:29:16,14,3,2,,
2025-11-21 07:29:16,14,3,2,0,vest
2025-11-21 07:29:16,14,3,2,2,helmet
2025-11-21 07:29:16,15,3,1,,
2025-11-21 07:29:16,15,3,1,0,helmet
2025-11-21 07:29:17,16,3,2,,
2025-11-21 07:29:17,16,3,2,0,"helmet,vest"
2025-11-21 07:29:17,16,3,2,2,vest
2025-11-21 07:29:17,17,3,2,,
2025-11-21 07:29:17,17,3,2,0,"helmet,vest"
2025-11-21 07:29:17,17,3,2,1,"helmet,vest"
2025-11-21 07:29:18,18,3,1,,
2025-11-21 07:29:18,18,3,1,1,vest
2025-11-21 07:29:18,19,3,2,,
2025-11-21 07:29:18,19,3,2,1,"helmet,vest"
2025-11-21 07:29:18,19,3,2,2,helmet
2025-11-21 07:29:19,20,3,2,,
2025-11-21 07:29:19,20,3,2,0,helmet
2025-11-21 07:29:19,20,3,2,2,vest
2025-11-21 07:29:20,21,3,1,,
2025-11-21 07:29:20,21,3,1,1,helmet
2025-11-21 07:29:20,22,3,0,,
2025-11-21 07:29:21,23,3,0,,
2025-11-21 07:29:21,24,3,1,,
2025-11-21 07:29:21,24,3,1,1,"helmet,vest"
2025-11-21 07:29:22,25,3,1,,
2025-11-21 07:29:22,25,3,1,0,"helmet,vest"
2025-11-21 07:29:22,26,3,0,,
2025-11-21 07:29:23,27,3,1,,
2025-11-21 07:29:23,27,3,1,1,vest
2025-11-21 07:29:23,28,3,0,,
2025-11-21 07:29:24,29,3,0,,
2025-11-21 07:29:24,30,3,2,,
2025-11-21 07:29:24,30,3,2,0,helmet
2025-11-21 07:29:24,30,3,2,1,"helmet,vest"
2025-11-21 07:29:25,31,3,0,,
2025-11-21 07:29:25,32,3,1,,
2025-11-21 07:29:25,32,3,1,1,vest
2025-11-21 07:29:26,33,3,1,,
2025-11-21 07:29:26,33,3,1,2,"helmet,vest"
2025-11-21 07:29:26,34,3,0,,
2025-11-21 07:29:27,35,3,1,,
2025-11-21 07:29:27,35,3,1,1,helmet
2025-11-21 07:29:27,36,3,0,,
2025-11-21 07:29:28,37,3,0,,
2025-11-21 07:29:28,38,3,1,,
2025-11-21 07:29:28,38,3,1,1,"helmet,vest"
2025-11-21 07:29:29,39,3,0,,
2025-11-21 07:29:29,40,3,0,,
2025-11-21 07:29:30,41,3,1,,
2025-11-21 07:29:30,41,3,1,1,helmet
2025-11-21 07:29:30,42,3,0,,
2025-11-21 07:29:31,43,3,2,,
2025-11-21 07:29:31,43,3,2,0,vest
2025-11-21 07:29:31,43,3,2,1,helmet
2025-11-21 07:29:31,44,3,0,,
2025-11-21 07:29:32,45,3,0,,
2025-11-21 07:29:32,46,3,1,,
2025-11-21 07:29:32,46,3,1,2,vest
2025-11-21 07:29:33,47,3,0,,
2025-11-21 07:29:33,48,3,0,,
2025-11-21 07:29:34,49,3,1,,
2025-11-21 07:29:34,49,3,1,2,vest
2025-11-21 07:29:34,50,3,2,,
2025-11-21 07:29:34,50,3,2,1,vest
2025-11-21 07:29:34,50,3,2,2,vest
2025-11-21 07:29:35,51,3,1,,
2025-11-21 07:29:35,51,3,1,1,"helmet,vest"
2025-11-21 07:29:35,52,3,0,,
2025-11-21 07:29:36,53,3,0,,
2025-11-21 07:29:37,54,3,0,,
2025-11-21 07:29:37,55,3,0,,
2025-11-21 07:29:38,56,3,1,,
2025-11-21 07:29:38,56,3,1,2,vest
2025-11-21 07:29:38,57,3,0,,
2025-11-21 07:29:39,58,3,0,,
2025-11-21 07:29:39,59,3,1,,
2025-11-21 07:29:39,59,3,1,0,helmet
2025-11-21 07:29:40,60,3,2,,
2025-11-21 07:29:40,60,3,2,0,"helmet,vest"
2025-11-21 07:29:40,60,3,2,1,vest
2025-11-21 07:29:40,61,3,3,,
2025-11-21 07:29:40,61,3,3,0,vest
2025-11-21 07:29:40,61,3,3,1,helmet
2025-11-21 07:29:40,61,3,3,2,helmet
2025-11-21 07:29:41,62,3,0,,
2025-11-21 07:29:41,63,3,0,,
2025-11-21 07:29:42,64,3,0,,
2025-11-21 07:29:42,65,3,0,,
2025-11-21 07:29:43,66,3,1,,
2025-11-21 07:29:43,66,3,1,0,helmet
2025-11-21 07:29:43,67,3,1,,
2025-11-21 07:29:43,67,3,1,2,"helmet,vest"
2025-11-21 07:29:44,68,3,0,,
2025-11-21 07:29:44,69,3,0,,
2025-11-21 07:29:45,70,3,1,,
2025-11-21 07:29:45,70,3,1,1,vest
2025-11-21 07:29:45,1,3,2,,
2025-11-21 07:29:45,1,3,2,0,helmet
2025-11-21 07:29:45,1,3,2,2,"helmet,vest"
2025-11-21 07:29:46,2,3,3,,
2025-11-21 07:29:46,2,3,3,0,helmet
2025-11-21 07:29:46,2,3,3,1,vest
2025-11-21 07:29:46,2,3,3,2,helmet
2025-11-21 07:29:46,3,3,1,,
2025-11-21 07:29:46,3,3,1,1,helmet
2025-11-21 07:29:47,1,3,3,,
2025-11-21 07:29:47,1,3,3,0,"helmet,vest"
2025-11-21 07:29:47,1,3,3,1,"helmet,vest"
2025-11-21 07:29:47,1,3,3,2,helmet
2025-11-21 07:29:47,2,3,2,,
2025-11-21 07:29:47,2,3,2,1,"helmet,vest"
2025-11-21 07:29:47,2,3,2,2,helmet
2025-11-21 07:29:48,3,3,1,,
2025-11-21 07:29:48,3,3,1,0,helmet
2025-11-21 07:29:48,4,3,2,,
2025-11-21 07:29:48,4,3,2,0,"helmet,vest"
2025-11-21 07:29:48,4,3,2,1,"helmet,vest"
2025-11-21 07:29:49,5,3,2,,
2025-11-21 07:29:49,5,3,2,1,helmet
2025-11-21 07:29:49,5,3,2,2,"helmet,vest"
2025-11-21 07:29:49,6,3,1,,
2025-11-21 07:29:49,6,3,1,1,helmet
2025-11-21 07:29:50,7,3,1,,
2025-11-21 07:29:50,7,3,1,2,"helmet,vest"
2025-11-21 07:29:50,8,3,0,,
2025-11-21 07:29:51,9,3,1,,
2025-11-21 07:29:51,9,3,1,2,helmet
2025-11-21 07:29:51,10,3,2,,
2025-11-21 07:29:51,10,3,2,1,"helmet,vest"
2025-11-21 07:29:51,10,3,2,2,"helmet,vest"
2025-11-21 07:29:52,11,3,1,,
2025-11-21 07:29:52,11,3,1,2,vest
2025-11-21 07:29:52,12,3,1,,
2025-11-21 07:29:52,12,3,1,1,"helmet,vest"
2025-11-21 07:29:53,13,3,2,,
2025-11-21 07:29:53,13,3,2,0,vest
2025-11-21 07:29:53,13,3,2,2,"helmet,vest"
2025-11-21 07:29:53,14,3,1,,
2025-11-21 07:29:53,14,3,1,2,helmet
2025-11-21 07:29:54,15,3,2,,
2025-11-21 07:29:54,15,3,2,0,vest
2025-11-21 07:29:54,15,3,2,1,vest
2025-11-21 07:29:54,16,3,1,,
2025-11-21 07:29:54,16,3,1,1,helmet
2025-11-21 07:29:55,17,3,1,,
2025-11-21 07:29:55,17,3,1,0,"helmet,vest"
2025-11-21 07:29:55,18,3,0,,
2025-11-21 07:29:56,19,3,0,,
2025-11-21 07:29:57,20,3,3,,
2025-11-21 07:29:57,20,3,3,0,vest
2025-11-21 07:29:57,20,3,3,1,helmet
2025-11-21 07:29:57,20,3,3,2,"helmet,vest"
2025-11-21 07:29:57,21,3,2,,
2025-11-21 07:29:57,21,3,2,0,vest
2025-11-21 07:29:57,21,3,2,1,"helmet,vest"
2025-11-21 07:29:58,22,3,1,,
2025-11-21 07:29:58,22,3,1,2,"helmet,vest"
2025-11-21 07:29:58,23,3,0,,
2025-11-21 07:29:59,24,3,1,,
2025-11-21 07:29:59,24,3,1,0,helmet
2025-11-21 07:29:59,25,3,0,,
2025-11-21 07:30:00,26,3,2,,
2025-11-21 07:30:00,26,3,2,1,"helmet,vest"
2025-11-21 07:30:00,26,3,2,2,"helmet,vest"
2025-11-21 07:30:00,27,3,1,,
2025-11-21 07:30:00,27,3,1,1,vest
2025-11-21 07:30:01,28,3,2,,
2025-11-21 07:30:01,28,3,2,0,"helmet,vest"
2025-11-21 07:30:01,28,3,2,2,vest
2025-11-21 07:30:01,29,3,2,,
2025-11-21 07:30:01,29,3,2,1,helmet
2025-11-21 07:30:01,29,3,2,2,"helmet,vest"
2025-11-21 07:30:02,30,3,2,,
2025-11-21 07:30:02,30,3,2,0,"helmet,vest"
2025-11-21 07:30:02,30,3,2,2,"helmet,vest"
2025-11-21 07:30:02,31,3,1,,
2025-11-21 07:30:02,31,3,1,2,vest
2025-11-21 07:30:03,32,3,0,,
2025-11-21 07:30:03,33,3,2,,
2025-11-21 07:30:03,33,3,2,1,"helmet,vest"
2025-11-21 07:30:03,33,3,2,2,"helmet,vest"
2025-11-21 07:30:04,34,3,1,,
2025-11-21 07:30:04,34,3,1,2,helmet
2025-11-21 07:30:04,35,3,2,,
2025-11-21 07:30:04,35,3,2,0,vest
2025-11-21 07:30:04,35,3,2,1,helmet
2025-11-21 07:30:05,36,3,1,,
2025-11-21 07:30:05,36,3,1,1,helmet
2025-11-21 07:30:05,37,3,0,,
2025-11-21 07:30:44,1,3,1,,
2025-11-21 07:30:44,1,3,1,1,"helmet,vest"
2025-11-21 07:30:44,1,3,1,,
2025-11-21 07:30:44,1,3,1,0,helmet
2025-11-21 07:30:45,2,3,0,,
2025-11-21 07:30:45,3,3,1,,
2025-11-21 07:30:45,3,3,1,0,vest
2025-11-21 07:30:46,4,3,0,,
2025-11-21 07:30:46,5,3,1,,
2025-11-21 07:30:46,5,3,1,0,helmet
2025-11-21 07:30:47,6,3,2,,
2025-11-21 07:30:47,6,3,2,0,"helmet,vest"
2025-11-21 07:30:47,6,3,2,2,vest
2025-11-21 07:30:47,7,3,1,,
2025-11-21 07:30:47,7,3,1,2,vest
2025-11-21 07:30:48,8,3,2,,
2025-11-21 07:30:48,8,3,2,0,"helmet,vest"
2025-11-21 07:30:48,8,3,2,2,vest
2025-11-21 07:30:48,9,3,0,,
2025-11-21 07:30:49,10,3,1,,
2025-11-21 07:30:49,10,3,1,1,helmet
2025-11-21 07:30:49,11,3,1,,
2025-11-21 07:30:49,11,3,1,1,vest
2025-11-21 07:30:50,12,3,1,,
2025-11-21 07:30:50,12,3,1,1,helmet
2025-11-21 07:30:50,13,3,1,,
2025-11-21 07:30:50,13,3,1,2,"helmet,vest"
2025-11-21 07:30:51,14,3,1,,
2025-11-21 07:30:51,14,3,1,2,helmet
2025-11-21 07:30:51,15,3,0,,
2025-11-21 07:30:52,16,3,2,,
2025-11-21 07:30:52,16,3,2,0,helmet
2025-11-21 07:30:52,16,3,2,1,"helmet,vest"
2025-11-21 07:30:52,17,3,0,,
2025-11-21 07:30:53,18,3,2,,
2025-11-21 07:30:53,18,3,2,0,helmet
2025-11-21 07:30:53,18,3,2,1,helmet
2025-11-21 07:30:53,19,3,0,,
2025-11-21 07:30:54,20,3,1,,
2025-11-21 07:30:54,20,3,1,0,helmet
2025-11-21 07:30:54,21,3,1,,
2025-11-21 07:30:54,21,3,1,0,vest
2025-11-21 07:30:55,22,3,2,,
2025-11-21 07:30:55,22,3,2,1,"helmet,vest"
2025-11-21 07:30:55,22,3,2,2,"helmet,vest"
2025-11-21 07:30:55,23,3,0,,
2025-11-21 07:30:56,24,3,0,,
2025-11-21 07:30:56,25,3,0,,
2025-11-21 07:30:57,26,3,0,,
2025-11-21 07:30:57,27,3,1,,
2025-11-21 07:30:57,27,3,1,0,vest
2025-11-21 07:30:58,28,3,1,,
2025-11-21 07:30:58,28,3,1,1,helmet
2025-11-21 07:30:58,29,3,0,,
2025-11-21 07:30:59,30,3,1,,
2025-11-21 07:30:59,30,3,1,2,helmet
2025-11-21 07:30:59,31,3,0,,
2025-11-21 07:31:00,32,3,1,,
2025-11-21 07:31:00,32,3,1,2,vest
2025-11-21 07:31:01,33,3,1,,
2025-11-21 07:31:01,33,3,1,2,"helmet,vest"
2025-11-21 07:31:01,34,3,1,,
2025-11-21 07:31:01,34,3,1,2,vest
2025-11-21 07:31:02,35,3,1,,
2025-11-21 07:31:02,35,3,1,2,helmet
2025-11-21 07:31:02,36,3,0,,
2025-11-21 07:31:03,37,3,2,,
2025-11-21 07:31:03,37,3,2,0,helmet
2025-11-21 07:31:03,37,3,2,2,"helmet,vest"
2025-11-21 07:31:03,38,3,2,,
2025-11-21 07:31:03,38,3,2,1,vest
2025-11-21 07:31:03,38,3,2,2,vest
2025-11-21 07:31:04,39,3,1,,
2025-11-21 07:31:04,39,3,1,1,helmet
2025-11-21 07:31:04,40,3,1,,
2025-11-21 07:31:04,40,3,1,2,vest
2025-11-21 07:31:05,41,3,0,,
2025-11-21 07:31:05,42,3,1,,
2025-11-21 07:31:05,42,3,1,0,helmet
2025-11-21 07:31:06,43,3,2,,
2025-11-21 07:31:06,43,3,2,0,"helmet,vest"
2025-11-21 07:31:06,43,3,2,2,vest
2025-11-21 07:31:06,44,3,0,,
2025-11-21 07:31:07,45,3,0,,
2025-11-21 07:31:07,46,3,0,,
2025-11-21 07:31:08,47,3,1,,
2025-11-21 07:31:08,47,3,1,0,vest
2025-11-21 07:31:08,48,3,0,,
2025-11-21 07:31:09,49,3,0,,
2025-11-21 07:31:09,50,3,1,,
2025-11-21 07:31:09,50,3,1,2,"helmet,vest"
2025-11-21 07:31:10,51,3,1,,
2025-11-21 07:31:10,51,3,1,2,vest
2025-11-21 07:31:10,52,3,0,,
2025-11-21 07:31:11,53,3,2,,
2025-11-21 07:31:11,53,3,2,1,vest
2025-11-21 07:31:11,53,3,2,2,helmet
2025-11-21 07:31:11,54,3,0,,
2025-11-21 07:31:12,55,3,0,,
2025-11-21 07:31:12,56,3,1,,
2025-11-21 07:31:12,56,3,1,2,helmet
2025-11-21 07:31:13,57,3,1,,
2025-11-21 07:31:13,57,3,1,2,"helmet,vest"
2025-11-21 07:31:13,58,3,2,,
2025-11-21 07:31:13,58,3,2,1,"helmet,vest"
2025-11-21 07:31:13,58,3,2,2,vest
2025-11-21 07:31:14,59,3,0,,
2025-11-21 07:31:14,60,3,0,,
2025-11-21 07:31:15,61,3,1,,
2025-11-21 07:31:15,61,3,1,0,"helmet,vest"
2025-11-21 07:31:15,62,3,0,,
2025-11-21 07:31:16,63,3,2,,
2025-11-21 07:31:16,63,3,2,0,vest
2025-11-21 07:31:16,63,3,2,1,vest
2025-11-21 07:31:16,64,3,0,,
2025-11-21 07:31:17,65,3,1,,
2025-11-21 07:31:17,65,3,1,1,"helmet,vest"
2025-11-21 07:31:17,66,3,0,,
2025-11-21 07:31:18,67,3,0,,
2025-11-21 07:31:18,68,3,2,,
2025-11-21 07:31:18,68,3,2,1,vest
2025-11-21 07:31:18,68,3,2,2,"helmet,vest"
2025-11-21 07:31:19,69,3,0,,
2025-11-21 07:31:19,70,3,1,,
2025-11-21 07:31:19,70,3,1,2,"helmet,vest"
2025-11-21 07:31:20,71,3,0,,
2025-11-21 07:31:21,72,3,0,,
2025-11-21 07:31:21,73,3,1,,
2025-11-21 07:31:21,73,3,1,2,vest
2025-11-21 07:31:22,74,3,1,,
2025-11-21 07:31:22,74,3,1,2,"helmet,vest"
2025-11-21 07:31:22,75,3,1,,
2025-11-21 07:31:22,75,3,1,0,"helmet,vest"
2025-11-21 07:31:23,76,3,0,,
2025-11-21 07:31:23,77,3,1,,
2025-11-21 07:31:23,77,3,1,1,vest
2025-11-21 07:31:24,78,3,1,,
2025-11-21 07:31:24,78,3,1,1,vest
2025-11-21 07:31:24,79,3,2,,
2025-11-21 07:31:24,79,3,2,1,vest
2025-11-21 07:31:24,79,3,2,2,helmet
2025-11-21 07:31:25,80,3,1,,
2025-11-21 07:31:25,80,3,1,2,"helmet,vest"
2025-11-21 07:31:25,81,3,0,,
2025-11-21 07:31:26,82,3,0,,
2025-11-21 07:31:26,83,3,1,,
2025-11-21 07:31:26,83,3,1,2,helmet
2025-11-21 07:31:27,84,3,0,,
2025-11-21 07:31:27,85,3,2,,
2025-11-21 07:31:27,85,3,2,0,helmet
2025-11-21 07:31:27,85,3,2,2,vest
2025-11-21 07:31:28,86,3,1,,
2025-11-21 07:31:28,86,3,1,1,"helmet,vest"
2025-11-21 07:31:28,87,3,0,,
2025-11-21 07:31:29,88,3,1,,
2025-11-21 07:31:29,88,3,1,1,vest
2025-11-21 07:31:29,89,3,1,,
2025-11-21 07:31:29,89,3,1,1,helmet
2025-11-21 07:31:30,90,3,1,,
2025-11-21 07:31:30,90,3,1,2,helmet
2025-11-21 07:31:30,91,3,0,,
2025-11-21 07:31:31,92,3,0,,
2025-11-21 07:31:31,93,3,0,,
2025-11-21 07:31:32,94,3,0,,
2025-11-21 07:31:32,95,3,2,,
2025-11-21 07:31:32,95,3,2,0,vest
2025-11-21 07:31:32,95,3,2,1,helmet
2025-11-21 07:31:33,96,3,2,,
2025-11-21 07:31:33,96,3,2,0,"helmet,vest"
2025-11-21 07:31:33,96,3,2,2,vest
2025-11-21 07:31:33,97,3,1,,
2025-11-21 07:31:33,97,3,1,2,"helmet,vest"
2025-11-21 07:31:34,98,3,1,,
2025-11-21 07:31:34,98,3,1,2,"helmet,vest"
2025-11-21 07:31:34,99,3,0,,
2025-11-21 07:31:35,100,3,0,,
2025-11-21 07:31:35,101,3,3,,
2025-11-21 07:31:35,101,3,3,0,vest
2025-11-21 07:31:35,101,3,3,1,helmet
2025-11-21 07:31:35,101,3,3,2,vest
2025-11-21 07:31:36,102,3,1,,
2025-11-21 07:31:36,102,3,1,1,"helmet,vest"
2025-11-21 07:31:36,103,3,0,,
2025-11-21 07:31:37,104,3,1,,
2025-11-21 07:31:37,104,3,1,0,"helmet,vest"
2025-11-21 07:31:37,105,3,1,,
2025-11-21 07:31:37,105,3,1,1,vest
2025-11-21 07:31:38,106,3,1,,
2025-11-21 07:31:38,106,3,1,1,vest
2025-11-21 07:31:38,107,3,1,,
2025-11-21 07:31:38,107,3,1,1,helmet
2025-11-21 07:31:39,108,3,2,,
2025-11-21 07:31:39,108,3,2,0,helmet
2025-11-21 07:31:39,108,3,2,1,vest
2025-11-21 07:31:39,109,3,0,,
2025-11-21 07:31:40,110,3,0,,
2025-11-21 07:31:41,111,3,0,,
2025-11-21 07:31:41,112,3,1,,
2025-11-21 07:31:41,112,3,1,1,"helmet,vest"
2025-11-21 07:31:42,113,3,0,,
2025-11-21 07:31:42,114,3,0,,
2025-11-21 07:31:43,115,3,0,,
2025-11-21 07:31:43,116,3,1,,
2025-11-21 07:31:43,116,3,1,0,helmet
2025-11-21 07:31:44,117,3,0,,
2025-11-21 07:31:44,118,3,1,,
2025-11-21 07:31:44,118,3,1,0,vest
2025-11-21 07:31:45,119,3,0,,
2025-11-21 07:31:45,120,3,1,,
2025-11-21 07:31:45,120,3,1,0,"helmet,vest"
2025-11-21 07:31:46,121,3,1,,
2025-11-21 07:31:46,121,3,1,2,"helmet,vest"
2025-11-21 07:31:46,122,3,0,,
2025-11-21 07:31:47,123,3,1,,
2025-11-21 07:31:47,123,3,1,1,helmet
2025-11-21 07:31:47,124,3,1,,
2025-11-21 07:31:47,124,3,1,1,helmet
2025-11-21 07:31:48,125,3,0,,
2025-11-21 07:31:48,126,3,0,,
2025-11-21 07:31:49,127,3,1,,
2025-11-21 07:31:49,127,3,1,2,helmet
2025-11-21 07:31:49,128,3,0,,
2025-11-21 07:31:50,129,3,0,,
2025-11-21 07:31:50,130,3,0,,
2025-11-21 07:31:51,131,3,0,,
2025-11-21 07:31:51,132,3,0,,
2025-11-21 07:31:52,133,3,0,,
2025-11-21 07:31:52,134,3,2,,
2025-11-21 07:31:52,134,3,2,1,vest
2025-11-21 07:31:52,134,3,2,2,"helmet,vest"
2025-11-21 07:31:53,135,3,2,,
2025-11-21 07:31:53,135,3,2,0,helmet
2025-11-21 07:31:53,135,3,2,2,vest
2025-11-21 07:31:53,136,3,0,,
2025-11-21 07:31:54,137,3,0,,
2025-11-21 07:31:54,138,3,0,,
2025-11-21 07:31:55,139,3,1,,
2025-11-21 07:31:55,139,3,1,2,vest
2025-11-21 07:31:55,140,3,0,,
2025-11-21 07:31:56,141,3,1,,
2025-11-21 07:31:56,141,3,1,0,helmet
2025-11-21 07:31:56,142,3,0,,
2025-11-21 07:31:57,143,3,1,,
2025-11-21 07:31:57,143,3,1,2,vest
2025-11-21 07:31:57,144,3,1,,
2025-11-21 07:31:57,144,3,1,2,"helmet,vest"
2025-11-21 07:31:58,145,3,1,,
2025-11-21 07:31:58,145,3,1,0,"helmet,vest"
2025-11-21 07:31:59,146,3,0,,
2025-11-21 07:31:59,147,3,0,,
2025-11-21 07:32:00,148,3,1,,
2025-11-21 07:32:00,148,3,1,1,vest
2025-11-21 07:32:00,149,3,2,,
2025-11-21 07:32:00,149,3,2,0,"helmet,vest"
2025-11-21 07:32:00,149,3,2,1,vest
2025-11-21 07:32:01,150,3,1,,
2025-11-21 07:32:01,150,3,1,1,helmet
2025-11-21 07:32:01,151,3,1,,
2025-11-21 07:32:01,151,3,1,2,helmet
2025-11-21 07:32:02,152,3,1,,
2025-11-21 07:32:02,152,3,1,2,vest
2025-11-21 07:32:02,153,3,0,,
2025-11-21 07:32:03,154,3,0,,
2025-11-21 07:32:03,155,3,0,,
2025-11-21 07:32:04,156,3,0,,
2025-11-21 07:32:04,157,3,0,,
2025-11-21 07:32:05,158,3,0,,
2025-11-21 07:32:05,159,3,1,,
2025-11-21 07:32:05,159,3,1,1,vest
2025-11-21 07:32:06,160,3,0,,
2025-11-21 07:32:06,161,3,0,,
2025-11-21 07:32:07,162,3,0,,
2025-11-21 07:32:07,163,3,2,,
2025-11-21 07:32:07,163,3,2,1,"helmet,vest"
2025-11-21 07:32:07,163,3,2,2,helmet
2025-11-21 07:32:08,164,3,0,,
2025-11-21 07:32:08,165,3,1,,
2025-11-21 07:32:08,165,3,1,0,helmet
2025-11-21 07:32:09,166,3,0,,
2025-11-21 07:32:09,167,3,0,,
2025-11-21 07:32:10,168,3,1,,
2025-11-21 07:32:10,168,3,1,0,helmet
2025-11-21 07:32:10,169,3,2,,
2025-11-21 07:32:10,169,3,2,0,helmet
2025-11-21 07:32:10,169,3,2,1,"helmet,vest"
2025-11-21 07:32:11,170,3,0,,
2025-11-21 07:32:11,171,3,0,,
2025-11-21 07:32:12,172,3,1,,
2025-11-21 07:32:12,172,3,1,1,helmet
2025-11-21 07:32:12,173,3,0,,
2025-11-21 07:32:13,174,3,0,,
2025-11-21 07:32:13,175,3,0,,
2025-11-21 07:32:14,176,3,2,,
2025-11-21 07:32:14,176,3,2,0,helmet
2025-11-21 07:32:14,176,3,2,1,helmet
2025-11-21 07:32:14,177,3,1,,
2025-11-21 07:32:14,177,3,1,1,"helmet,vest"
2025-11-21 07:32:15,178,3,0,,
2025-11-21 07:32:16,179,3,1,,
2025-11-21 07:32:16,179,3,1,1,"helmet,vest"
2025-11-21 07:32:16,180,3,0,,
2025-11-21 07:32:17,181,3,1,,
2025-11-21 07:32:17,181,3,1,2,"helmet,vest"
2025-11-21 07:32:17,182,3,1,,
2025-11-21 07:32:17,182,3,1,0,"helmet,vest"
2025-11-21 07:32:18,183,3,1,,
2025-11-21 07:32:18,183,3,1,2,"helmet,vest"
2025-11-21 07:32:18,184,3,1,,
2025-11-21 07:32:18,184,3,1,1,"helmet,vest"
2025-11-21 07:32:19,185,3,0,,
2025-11-21 07:32:19,186,3,0,,
2025-11-21 07:32:20,187,3,1,,
2025-11-21 07:32:20,187,3,1,2,"helmet,vest"
2025-11-21 07:32:20,188,3,1,,
2025-11-21 07:32:20,188,3,1,0,vest
2025-11-21 07:32:21,189,3,1,,
2025-11-21 07:32:21,189,3,1,0,helmet
2025-11-21 07:32:21,190,3,0,,
2025-11-21 07:32:22,191,3,0,,
2025-11-21 07:32:22,192,3,0,,
2025-11-21 07:32:23,193,3,0,,
2025-11-21 07:32:23,194,3,1,,
2025-11-21 07:32:23,194,3,1,1,"helmet,vest"
2025-11-21 07:32:24,195,3,0,,
2025-11-21 07:32:24,196,3,2,,
2025-11-21 07:32:24,196,3,2,1,vest
2025-11-21 07:32:24,196,3,2,2,vest
2025-11-21 07:32:25,197,3,0,,
2025-11-21 07:32:25,198,3,1,,
2025-11-21 07:32:25,198,3,1,2,vest
2025-11-21 07:32:26,199,3,0,,
2025-11-21 07:32:26,200,3,2,,
2025-11-21 07:32:26,200,3,2,0,helmet
2025-11-21 07:32:26,200,3,2,2,"helmet,vest"
2025-11-21 07:32:27,201,3,1,,
2025-11-21 07:32:27,201,3,1,0,vest
2025-11-21 07:32:27,202,3,0,,
2025-11-21 07:32:28,203,3,1,,
2025-11-21 07:32:28,203,3,1,1,vest
2025-11-21 07:32:28,204,3,0,,
2025-11-21 07:32:29,205,3,1,,
2025-11-21 07:32:29,205,3,1,0,"helmet,vest"
2025-11-21 07:32:29,206,3,0,,
2025-11-21 07:32:30,207,3,1,,
2025-11-21 07:32:30,207,3,1,2,helmet
2025-11-21 07:32:30,208,3,1,,
2025-11-21 07:32:30,208,3,1,2,"helmet,vest"
2025-11-21 07:32:31,209,3,1,,
2025-11-21 07:32:31,209,3,1,0,vest
2025-11-21 07:32:31,210,3,1,,
2025-11-21 07:32:31,210,3,1,2,helmet
2025-11-21 07:32:32,211,3,0,,
2025-11-21 07:32:32,212,3,0,,
2025-11-21 07:32:33,213,3,0,,
2025-11-21 07:32:33,214,3,2,,
2025-11-21 07:32:33,214,3,2,0,vest
2025-11-21 07:32:33,214,3,2,1,"helmet,vest"
2025-11-21 07:32:34,215,3,1,,
2025-11-21 07:32:34,215,3,1,2,"helmet,vest"
2025-11-21 07:32:35,216,3,1,,
2025-11-21 07:32:35,216,3,1,1,"helmet,vest"
2025-11-21 07:32:35,217,3,0,,
2025-11-21 07:32:36,218,3,1,,
2025-11-21 07:32:36,218,3,1,2,helmet
2025-11-21 07:32:36,219,3,0,,
2025-11-21 07:32:37,220,3,0,,
2025-11-21 07:32:37,221,3,0,,
2025-11-21 07:32:38,222,3,0,,
2025-11-21 07:32:38,223,3,0,,
2025-11-21 07:32:39,224,3,0,,
2025-11-21 07:32:39,225,3,0,,
2025-11-21 07:32:40,226,3,2,,
2025-11-21 07:32:40,226,3,2,1,vest
2025-11-21 07:32:40,226,3,2,2,"helmet,vest"
2025-11-21 07:32:40,227,3,1,,
2025-11-21 07:32:40,227,3,1,1,"helmet,vest"
2025-11-21 07:32:41,228,3,1,,
2025-11-21 07:32:41,228,3,1,0,helmet
2025-11-21 07:32:41,229,3,0,,
2025-11-21 07:32:42,230,3,1,,
2025-11-21 07:32:42,230,3,1,0,vest
2025-11-21 07:32:42,231,3,1,,
2025-11-21 07:32:42,231,3,1,1,vest
2025-11-21 07:32:43,232,3,0,,
2025-11-21 07:32:43,233,3,0,,
2025-11-21 07:32:44,234,3,0,,
2025-11-21 07:32:44,235,3,1,,
2025-11-21 07:32:44,235,3,1,2,vest
2025-11-21 07:32:45,236,3,0,,
2025-11-21 07:32:45,237,3,1,,
2025-11-21 07:32:45,237,3,1,0,"helmet,vest"
2025-11-21 07:32:46,238,3,0,,
2025-11-21 07:32:46,239,3,1,,
2025-11-21 07:32:46,239,3,1,2,helmet
2025-11-21 07:32:47,240,3,0,,
2025-11-21 07:32:47,241,3,0,,
2025-11-21 07:32:48,242,3,1,,
2025-11-21 07:32:48,242,3,1,1,helmet
2025-11-21 07:32:48,243,3,0,,
2025-11-21 07:32:49,244,3,0,,
2025-11-21 07:32:49,245,3,0,,
2025-11-21 07:32:50,246,3,0,,
2025-11-21 07:32:50,247,3,0,,
2025-11-21 07:32:51,248,3,0,,
2025-11-21 07:32:51,249,3,1,,
2025-11-21 07:32:51,249,3,1,1,helmet
2025-11-21 07:32:52,250,3,1,,
2025-11-21 07:32:52,250,3,1,0,vest
2025-11-21 07:32:53,251,3,1,,
2025-11-21 07:32:53,251,3,1,2,"helmet,vest"
2025-11-21 07:32:53,252,3,0,,
2025-11-21 07:32:54,253,3,0,,
2025-11-21 07:32:54,254,3,0,,
2025-11-21 07:32:55,255,3,1,,
2025-11-21 07:32:55,255,3,1,0,helmet
2025-11-21 07:32:55,256,3,1,,
2025-11-21 07:32:55,256,3,1,0,"helmet,vest"
2025-11-21 07:32:56,257,3,1,,
2025-11-21 07:32:56,257,3,1,0,helmet
2025-11-21 07:32:56,258,3,1,,
2025-11-21 07:32:56,258,3,1,0,vest
2025-11-21 07:32:57,259,3,0,,
2025-11-21 07:32:57,260,3,1,,
2025-11-21 07:32:57,260,3,1,0,vest
2025-11-21 07:32:58,261,3,0,,
2025-11-21 07:32:58,262,3,0,,
2025-11-21 07:32:59,263,3,2,,
2025-11-21 07:32:59,263,3,2,0,"helmet,vest"
2025-11-21 07:32:59,263,3,2,2,"helmet,vest"
2025-11-21 07:32:59,264,3,1,,
2025-11-21 07:32:59,264,3,1,0,helmet
2025-11-21 07:33:00,265,3,0,,
2025-11-21 07:33:00,266,3,1,,
2025-11-21 07:33:00,266,3,1,2,vest
2025-11-21 07:33:01,267,3,1,,
2025-11-21 07:33:01,267,3,1,1,vest
2025-11-21 07:33:01,268,3,0,,
2025-11-21 07:33:02,269,3,2,,
2025-11-21 07:33:02,269,3,2,0,"helmet,vest"
2025-11-21 07:33:02,269,3,2,1,helmet
2025-11-21 07:33:02,270,3,0,,
2025-11-21 07:33:03,271,3,0,,
2025-11-21 07:33:03,272,3,2,,
2025-11-21 07:33:03,272,3,2,0,helmet
2025-11-21 07:33:03,272,3,2,1,vest
2025-11-21 07:33:04,273,3,1,,
2025-11-21 07:33:04,273,3,1,1,vest
2025-11-21 07:33:04,274,3,0,,
2025-11-21 07:33:05,275,3,1,,
2025-11-21 07:33:05,275,3,1,1,vest
2025-11-21 07:33:05,276,3,0,,
2025-11-21 07:33:06,277,3,1,,
2025-11-21 07:33:06,277,3,1,1,helmet
2025-11-21 07:33:06,278,3,0,,
2025-11-21 07:33:07,279,3,1,,
2025-11-21 07:33:07,279,3,1,0,helmet
2025-11-21 07:33:07,280,3,1,,
2025-11-21 07:33:07,280,3,1,1,"helmet,vest"
2025-11-21 07:33:08,281,3,3,,
2025-11-21 07:33:08,281,3,3,0,vest
2025-11-21 07:33:08,281,3,3,1,"helmet,vest"
2025-11-21 07:33:08,281,3,3,2,"helmet,vest"
2025-11-21 07:33:08,282,3,3,,
2025-11-21 07:33:08,282,3,3,0,"helmet,vest"
2025-11-21 07:33:08,282,3,3,1,vest
2025-11-21 07:33:08,282,3,3,2,"helmet,vest"
2025-11-21 07:33:09,283,3,0,,
2025-11-21 07:33:10,284,3,0,,
2025-11-21 07:33:10,285,3,0,,
2025-11-21 07:33:11,286,3,2,,
2025-11-21 07:33:11,286,3,2,0,helmet
2025-11-21 07:33:11,286,3,2,1,vest
2025-11-21 07:33:11,287,3,1,,
2025-11-21 07:33:11,287,3,1,1,helmet
2025-11-21 07:33:12,288,3,0,,
2025-11-21 07:33:12,289,3,0,,
2025-11-21 07:33:13,290,3,0,,
2025-11-21 07:33:13,291,3,1,,
2025-11-21 07:33:13,291,3,1,0,vest
2025-11-21 07:33:14,292,3,0,,
2025-11-21 07:33:14,293,3,1,,
2025-11-21 07:33:14,293,3,1,1,vest
2025-11-21 07:33:15,294,3,1,,
2025-11-21 07:33:15,294,3,1,0,helmet
2025-11-21 07:33:15,295,3,0,,
2025-11-21 07:33:16,296,3,0,,
2025-11-21 07:33:16,297,3,0,,
2025-11-21 07:33:17,298,3,1,,
2025-11-21 07:33:17,298,3,1,1,"helmet,vest"
2025-11-21 07:33:17,299,3,0,,
2025-11-21 07:33:18,300,3,1,,
2025-11-21 07:33:18,300,3,1,1,vest
2025-11-21 07:33:18,301,3,1,,
2025-11-21 07:33:18,301,3,1,0,"helmet,vest"
2025-11-21 07:33:19,302,3,0,,
2025-11-21 07:33:19,303,3,0,,
2025-11-21 07:33:20,304,3,0,,
2025-11-21 07:33:20,305,3,0,,
2025-11-21 07:33:21,306,3,0,,
2025-11-21 07:33:21,307,3,0,,
2025-11-21 07:33:22,308,3,0,,
2025-11-21 07:33:22,309,3,0,,
2025-11-21 07:33:23,310,3,0,,
2025-11-21 07:33:23,311,3,0,,
2025-11-21 07:33:24,312,3,0,,
2025-11-21 07:33:24,313,3,0,,
2025-11-21 07:33:25,314,3,0,,
2025-11-21 07:33:25,315,3,1,,
2025-11-21 07:33:25,315,3,1,1,helmet
2025-11-21 07:33:26,316,3,0,,
2025-11-21 07:33:26,317,3,0,,
2025-11-21 07:33:27,318,3,1,,
2025-11-21 07:33:27,318,3,1,0,"helmet,vest"
2025-11-21 07:33:27,319,3,1,,
2025-11-21 07:33:27,319,3,1,1,helmet
2025-11-21 07:33:28,320,3,1,,
2025-11-21 07:33:28,320,3,1,0,"helmet,vest"
2025-11-21 07:33:29,321,3,2,,
2025-11-21 07:33:29,321,3,2,1,helmet
2025-11-21 07:33:29,321,3,2,2,"helmet,vest"
2025-11-21 07:33:29,322,3,1,,
2025-11-21 07:33:29,322,3,1,2,"helmet,vest"
2025-11-21 07:33:30,323,3,0,,
2025-11-21 07:33:30,324,3,1,,
2025-11-21 07:33:30,324,3,1,0,"helmet,vest"
2025-11-21 07:33:31,325,3,1,,
2025-11-21 07:33:31,325,3,1,2,vest
2025-11-21 07:33:31,326,3,0,,
2025-11-21 07:33:32,327,3,0,,
2025-11-21 07:33:32,328,3,0,,
2025-11-21 07:33:33,329,3,1,,
2025-11-21 07:33:33,329,3,1,2,"helmet,vest"
2025-11-21 07:33:33,330,3,0,,
2025-11-21 07:33:34,331,3,0,,
2025-11-21 07:33:34,332,3,1,,
2025-11-21 07:33:34,332,3,1,0,"helmet,vest"
2025-11-21 07:33:35,333,3,0,,
2025-11-21 07:33:35,334,3,0,,
2025-11-21 07:33:36,335,3,0,,
2025-11-21 07:33:36,336,3,0,,
2025-11-21 07:33:37,337,3,0,,
2025-11-21 07:33:37,338,3,1,,
2025-11-21 07:33:37,338,3,1,1,vest
2025-11-21 07:33:38,339,3,0,,
2025-11-21 07:33:38,340,3,1,,
2025-11-21 07:33:38,340,3,1,2,helmet
2025-11-21 07:33:39,341,3,1,,
2025-11-21 07:33:39,341,3,1,0,vest
2025-11-21 07:33:39,342,3,0,,
2025-11-21 07:33:40,343,3,1,,
2025-11-21 07:33:40,343,3,1,0,vest
2025-11-21 07:33:40,344,3,0,,
2025-11-21 07:33:41,345,3,0,,
2025-11-21 07:33:41,346,3,0,,
2025-11-21 07:33:42,347,3,1,,
2025-11-21 07:33:42,347,3,1,0,helmet
2025-11-21 07:33:42,348,3,1,,
2025-11-21 07:33:42,348,3,1,1,"helmet,vest"
2025-11-21 07:33:43,349,3,0,,
2025-11-21 07:33:43,350,3,1,,
2025-11-21 07:33:43,350,3,1,1,"helmet,vest"
2025-11-21 07:33:44,351,3,1,,
2025-11-21 07:33:44,351,3,1,0,"helmet,vest"
2025-11-21 07:33:45,352,3,0,,
2025-11-21 07:33:45,353,3,1,,
2025-11-21 07:33:45,353,3,1,1,"helmet,vest"
2025-11-21 07:33:46,354,3,1,,
2025-11-21 07:33:46,354,3,1,2,vest
2025-11-21 07:33:46,355,3,1,,
2025-11-21 07:33:46,355,3,1,2,helmet
2025-11-21 07:33:47,356,3,1,,
2025-11-21 07:33:47,356,3,1,2,"helmet,vest"
2025-11-21 07:33:47,357,3,2,,
2025-11-21 07:33:47,357,3,2,0,vest
2025-11-21 07:33:47,357,3,2,2,helmet
2025-11-21 07:33:48,358,3,1,,
2025-11-21 07:33:48,358,3,1,0,helmet
2025-11-21 07:33:48,359,3,1,,
2025-11-21 07:33:48,359,3,1,1,"helmet,vest"
2025-11-21 07:33:49,360,3,0,,
2025-11-21 07:33:49,361,3,0,,
2025-11-21 07:33:50,362,3,0,,
2025-11-21 07:33:50,363,3,1,,
2025-11-21 07:33:50,363,3,1,0,helmet
2025-11-21 07:33:51,364,3,1,,
2025-11-21 07:33:51,364,3,1,0,"helmet,vest"
2025-11-21 07:33:51,365,3,2,,
2025-11-21 07:33:51,365,3,2,0,"helmet,vest"
2025-11-21 07:33:51,365,3,2,2,helmet
2025-11-21 07:33:52,366,3,0,,
2025-11-21 07:33:52,367,3,1,,
2025-11-21 07:33:52,367,3,1,2,vest
2025-11-21 07:33:53,368,3,0,,
2025-11-21 07:33:53,369,3,0,,
2025-11-21 07:33:54,370,3,1,,
2025-11-21 07:33:54,370,3,1,0,"helmet,vest"
2025-11-21 07:33:54,371,3,1,,
2025-11-21 07:33:54,371,3,1,0,vest
2025-11-21 07:33:55,372,3,1,,
2025-11-21 07:33:55,372,3,1,1,"helmet,vest"
2025-11-21 07:33:55,373,3,0,,
2025-11-21 07:33:56,374,3,0,,
2025-11-21 07:33:56,375,3,0,,
2025-11-21 07:33:57,376,3,0,,
2025-11-21 07:33:58,377,3,2,,
2025-11-21 07:33:58,377,3,2,0,vest
2025-11-21 07:33:58,377,3,2,1,vest
2025-11-21 07:33:58,378,3,1,,
2025-11-21 07:33:58,378,3,1,2,vest
2025-11-21 07:33:59,379,3,1,,
2025-11-21 07:33:59,379,3,1,2,helmet
2025-11-21 07:33:59,380,3,1,,
2025-11-21 07:33:59,380,3,1,1,helmet
2025-11-21 07:34:00,381,3,0,,
2025-11-21 07:34:00,382,3,1,,
2025-11-21 07:34:00,382,3,1,1,"helmet,vest"
2025-11-21 07:34:01,383,3,0,,
2025-11-21 07:34:01,384,3,1,,
2025-11-21 07:34:01,384,3,1,1,vest
2025-11-21 07:34:02,385,3,1,,
2025-11-21 07:34:02,385,3,1,0,"helmet,vest"
2025-11-21 07:34:02,386,3,1,,
2025-11-21 07:34:02,386,3,1,2,"helmet,vest"
2025-11-21 07:34:03,387,3,0,,
2025-11-21 07:34:03,388,3,0,,
2025-11-21 07:34:04,389,3,0,,
2025-11-21 07:34:04,390,3,1,,
2025-11-21 07:34:04,390,3,1,2,"helmet,vest"
2025-11-21 07:34:05,391,3,1,,
2025-11-21 07:34:05,391,3,1,0,"helmet,vest"
2025-11-21 07:34:05,392,3,1,,
2025-11-21 07:34:05,392,3,1,2,vest
2025-11-21 07:34:06,393,3,1,,
2025-11-21 07:34:06,393,3,1,2,vest
2025-11-21 07:34:06,394,3,0,,
2025-11-21 07:34:07,395,3,2,,
2025-11-21 07:34:07,395,3,2,0,vest
2025-11-21 07:34:07,395,3,2,1,"helmet,vest"
2025-11-21 07:34:07,396,3,1,,
2025-11-21 07:34:07,396,3,1,0,vest
2025-11-21 07:34:08,397,3,2,,
2025-11-21 07:34:08,397,3,2,1,vest
2025-11-21 07:34:08,397,3,2,2,helmet
2025-11-21 07:34:08,398,3,0,,
2025-11-21 07:34:09,399,3,0,,
2025-11-21 07:34:09,400,3,0,,
2025-11-21 07:34:10,401,3,2,,
2025-11-21 07:34:10,401,3,2,0,vest
2025-11-21 07:34:10,401,3,2,1,vest
2025-11-21 07:34:10,402,3,1,,
2025-11-21 07:34:10,402,3,1,1,helmet
2025-11-21 07:34:11,403,3,0,,
2025-11-21 07:34:11,404,3,0,,
2025-11-21 07:34:12,405,3,0,,
2025-11-21 07:34:12,406,3,2,,
2025-11-21 07:34:12,406,3,2,0,"helmet,vest"
2025-11-21 07:34:12,406,3,2,1,"helmet,vest"
2025-11-21 07:34:13,407,3,1,,
2025-11-21 07:34:13,407,3,1,2,helmet
2025-11-21 07:34:13,408,3,2,,
2025-11-21 07:34:13,408,3,2,0,helmet
2025-11-21 07:34:13,408,3,2,2,vest
2025-11-21 07:34:14,409,3,0,,
2025-11-21 07:34:14,410,3,1,,
2025-11-21 07:34:14,410,3,1,2,helmet
2025-11-21 07:34:15,411,3,2,,
2025-11-21 07:34:15,411,3,2,0,vest
2025-11-21 07:34:15,411,3,2,1,helmet
2025-11-21 07:34:16,412,3,1,,
2025-11-21 07:34:16,412,3,1,1,"helmet,vest"
2025-11-21 07:34:16,413,3,1,,
2025-11-21 07:34:16,413,3,1,0,helmet
2025-11-21 07:34:17,414,3,0,,
2025-11-21 07:34:17,415,3,1,,
2025-11-21 07:34:17,415,3,1,1,helmet
2025-11-21 07:34:18,416,3,1,,
2025-11-21 07:34:18,416,3,1,1,vest
2025-11-21 07:34:18,417,3,1,,
2025-11-21 07:34:18,417,3,1,2,"helmet,vest"
2025-11-21 07:34:19,418,3,1,,
2025-11-21 07:34:19,418,3,1,0,vest
2025-11-21 07:34:19,419,3,0,,
2025-11-21 07:34:20,420,3,1,,
2025-11-21 07:34:20,420,3,1,2,vest
2025-11-21 07:34:20,421,3,0,,
2025-11-21 07:34:21,422,3,1,,
2025-11-21 07:34:21,422,3,1,1,"helmet,vest"
2025-11-21 07:34:21,423,3,1,,
2025-11-21 07:34:21,423,3,1,2,helmet
2025-11-21 07:34:22,424,3,2,,
2025-11-21 07:34:22,424,3,2,0,helmet
2025-11-21 07:34:22,424,3,2,1,helmet
2025-11-21 07:34:22,425,3,2,,
2025-11-21 07:34:22,425,3,2,0,"helmet,vest"
2025-11-21 07:34:22,425,3,2,1,"helmet,vest"
2025-11-21 07:34:23,426,3,0,,
2025-11-21 07:34:23,427,3,0,,
2025-11-21 07:34:24,428,3,0,,
2025-11-21 07:34:24,429,3,0,,
2025-11-21 07:34:25,430,3,0,,
2025-11-21 07:34:25,431,3,1,,
2025-11-21 07:34:25,431,3,1,0,helmet
2025-11-21 07:34:26,432,3,1,,
2025-11-21 07:34:26,432,3,1,0,vest
2025-11-21 07:34:26,433,3,0,,
2025-11-21 07:34:27,434,3,0,,
2025-11-21 07:34:27,435,3,1,,
2025-11-21 07:34:27,435,3,1,2,vest
2025-11-21 07:34:28,436,3,0,,
2025-11-21 07:34:28,437,3,2,,
2025-11-21 07:34:28,437,3,2,0,helmet
2025-11-21 07:34:28,437,3,2,2,vest
2025-11-21 07:34:29,438,3,0,,
2025-11-21 07:34:29,439,3,0,,
2025-11-21 07:34:30,440,3,0,,
2025-11-21 07:34:30,441,3,1,,
2025-11-21 07:34:30,441,3,1,1,vest
2025-11-21 07:34:31,442,3,0,,
2025-11-21 07:34:31,443,3,0,,
2025-11-21 07:34:32,444,3,0,,
2025-11-21 07:34:33,445,3,1,,
2025-11-21 07:34:33,445,3,1,1,"helmet,vest"
2025-11-21 07:34:33,446,3,0,,
2025-11-21 07:34:34,447,3,0,,
2025-11-21 07:34:34,448,3,1,,
2025-11-21 07:34:34,448,3,1,2,helmet
2025-11-21 07:34:35,449,3,1,,
2025-11-21 07:34:35,449,3,1,1,vest
2025-11-21 07:34:35,450,3,0,,
2025-11-21 07:34:36,451,3,0,,
2025-11-21 07:34:36,452,3,0,,
2025-11-21 07:34:37,453,3,0,,
2025-11-21 07:34:37,454,3,1,,
2025-11-21 07:34:37,454,3,1,0,vest
2025-11-21 07:34:38,455,3,2,,
2025-11-21 07:34:38,455,3,2,0,vest
2025-11-21 07:34:38,455,3,2,1,helmet
2025-11-21 07:34:38,456,3,1,,
2025-11-21 07:34:38,456,3,1,0,helmet
2025-11-21 07:34:39,457,3,1,,
2025-11-21 07:34:39,457,3,1,0,vest
2025-11-21 07:34:39,458,3,1,,
2025-11-21 07:34:39,458,3,1,2,vest
2025-11-21 07:34:40,459,3,0,,
2025-11-21 07:34:40,460,3,0,,
2025-11-21 07:34:41,461,3,0,,
2025-11-21 07:34:41,462,3,0,,
2025-11-21 07:34:42,463,3,1,,
2025-11-21 07:34:42,463,3,1,2,helmet
2025-11-21 07:34:42,464,3,2,,
2025-11-21 07:34:42,464,3,2,1,"helmet,vest"
2025-11-21 07:34:42,464,3,2,2,"helmet,vest"
2025-11-21 07:34:43,465,3,0,,
2025-11-21 07:34:43,466,3,0,,
2025-11-21 07:34:44,467,3,1,,
2025-11-21 07:34:44,467,3,1,0,"helmet,vest"
2025-11-21 07:34:44,468,3,0,,
2025-11-21 07:34:45,469,3,0,,
2025-11-21 07:34:45,470,3,2,,
2025-11-21 07:34:45,470,3,2,0,helmet
2025-11-21 07:34:45,470,3,2,2,helmet
2025-11-21 07:34:46,471,3,0,,
2025-11-21 07:34:46,472,3,1,,
2025-11-21 07:34:46,472,3,1,1,vest
2025-11-21 07:34:47,473,3,0,,
2025-11-21 07:34:47,474,3,0,,
2025-11-21 07:34:48,475,3,1,,
2025-11-21 07:34:48,475,3,1,0,vest
2025-11-21 07:34:48,476,3,1,,
2025-11-21 07:34:48,476,3,1,0,helmet
2025-11-21 07:34:49,477,3,1,,
2025-11-21 07:34:49,477,3,1,0,helmet
2025-11-21 07:34:50,478,3,2,,
2025-11-21 07:34:50,478,3,2,1,vest
2025-11-21 07:34:50,478,3,2,2,vest
2025-11-21 07:34:50,479,3,0,,
2025-11-21 07:34:51,480,3,0,,
2025-11-21 07:34:51,481,3,0,,
2025-11-21 07:34:52,482,3,3,,
2025-11-21 07:34:52,482,3,3,0,vest
2025-11-21 07:34:52,482,3,3,1,"helmet,vest"
2025-11-21 07:34:52,482,3,3,2,helmet
2025-11-21 07:34:52,483,3,1,,
2025-11-21 07:34:52,483,3,1,1,"helmet,vest"
2025-11-21 07:34:53,484,3,0,,
2025-11-21 07:34:53,485,3,1,,
2025-11-21 07:34:53,485,3,1,1,helmet
2025-11-21 07:34:54,486,3,1,,
2025-11-21 07:34:54,486,3,1,1,helmet
2025-11-21 07:34:54,487,3,0,,
2025-11-21 07:34:55,488,3,1,,
2025-11-21 07:34:55,488,3,1,0,"helmet,vest"
2025-11-21 07:34:55,489,3,0,,
2025-11-21 07:34:56,490,3,0,,
2025-11-21 07:34:56,491,3,1,,
2025-11-21 07:34:56,491,3,1,2,helmet
2025-11-21 07:34:57,492,3,0,,
2025-11-21 07:34:57,493,3,0,,
2025-11-21 07:34:58,494,3,0,,
2025-11-21 07:34:58,495,3,0,,
2025-11-21 07:34:59,496,3,0,,
2025-11-21 07:34:59,497,3,2,,
2025-11-21 07:34:59,497,3,2,0,helmet
2025-11-21 07:34:59,497,3,2,2,vest
2025-11-21 07:35:00,498,3,0,,
2025-11-21 07:35:00,499,3,0,,
2025-11-21 07:35:01,500,3,0,,
2025-11-21 07:35:01,501,3,0,,
2025-11-21 07:35:02,502,3,0,,
2025-11-21 07:35:02,503,3,1,,
2025-11-21 07:35:02,503,3,1,2,helmet
2025-11-21 07:35:03,504,3,0,,
2025-11-21 07:35:03,505,3,1,,
2025-11-21 07:35:03,505,3,1,0,"helmet,vest"
2025-11-21 07:35:04,506,3,1,,
2025-11-21 07:35:04,506,3,1,2,helmet
2025-11-21 07:35:04,507,3,1,,
2025-11-21 07:35:04,507,3,1,1,helmet
2025-11-21 07:35:05,508,3,1,,
2025-11-21 07:35:05,508,3,1,1,helmet
2025-11-21 07:35:05,509,3,0,,
2025-11-21 07:35:06,510,3,0,,
2025-11-21 07:35:07,511,3,1,,
2025-11-21 07:35:07,511,3,1,2,helmet
2025-11-21 07:35:07,512,3,1,,
2025-11-21 07:35:07,512,3,1,2,helmet
2025-11-21 07:35:08,513,3,2,,
2025-11-21 07:35:08,513,3,2,0,vest
2025-11-21 07:35:08,513,3,2,1,"helmet,vest"
2025-11-21 07:35:08,514,3,0,,
2025-11-21 07:35:09,515,3,2,,
2025-11-21 07:35:09,515,3,2,0,vest
2025-11-21 07:35:09,515,3,2,2,"helmet,vest"
2025-11-21 07:35:09,516,3,1,,
2025-11-21 07:35:09,516,3,1,0,helmet
2025-11-21 07:35:10,517,3,1,,
2025-11-21 07:35:10,517,3,1,0,"helmet,vest"
2025-11-21 07:35:10,518,3,0,,
2025-11-21 07:35:11,519,3,0,,
2025-11-21 07:35:11,520,3,3,,
2025-11-21 07:35:11,520,3,3,0,helmet
2025-11-21 07:35:11,520,3,3,1,"helmet,vest"
2025-11-21 07:35:11,520,3,3,2,"helmet,vest"
2025-11-21 07:35:12,521,3,0,,
2025-11-21 07:35:12,522,3,0,,
2025-11-21 07:35:13,523,3,1,,
2025-11-21 07:35:13,523,3,1,1,vest
2025-11-21 07:35:13,524,3,1,,
2025-11-21 07:35:13,524,3,1,1,"helmet,vest"
2025-11-21 07:35:14,525,3,0,,
2025-11-21 07:35:14,526,3,0,,
2025-11-21 07:35:15,527,3,0,,
2025-11-21 07:35:15,528,3,0,,
2025-11-21 07:35:16,529,3,0,,
2025-11-21 07:35:16,530,3,2,,
2025-11-21 07:35:16,530,3,2,1,"helmet,vest"
2025-11-21 07:35:16,530,3,2,2,vest
2025-11-21 07:35:17,531,3,2,,
2025-11-21 07:35:17,531,3,2,1,vest
2025-11-21 07:35:17,531,3,2,2,"helmet,vest"
2025-11-21 07:35:17,532,3,0,,
2025-11-21 07:35:18,533,3,1,,
2025-11-21 07:35:18,533,3,1,1,helmet
2025-11-21 07:35:18,534,3,3,,
2025-11-21 07:35:18,534,3,3,0,"helmet,vest"
2025-11-21 07:35:18,534,3,3,1,vest
2025-11-21 07:35:18,534,3,3,2,vest
2025-11-21 07:35:19,535,3,0,,
2025-11-21 07:35:19,536,3,0,,
2025-11-21 07:35:20,537,3,1,,
2025-11-21 07:35:20,537,3,1,0,helmet
2025-11-21 07:35:20,538,3,0,,
2025-11-21 07:35:21,539,3,2,,
2025-11-21 07:35:21,539,3,2,1,"helmet,vest"
2025-11-21 07:35:21,539,3,2,2,helmet
2025-11-21 07:35:21,540,3,1,,
2025-11-21 07:35:21,540,3,1,2,"helmet,vest"
2025-11-21 07:35:22,541,3,1,,
2025-11-21 07:35:22,541,3,1,0,"helmet,vest"
2025-11-21 07:35:23,542,3,0,,
2025-11-21 07:35:23,543,3,1,,
2025-11-21 07:35:23,543,3,1,1,helmet
2025-11-21 07:35:24,544,3,1,,
2025-11-21 07:35:24,544,3,1,1,helmet
2025-11-21 07:35:24,545,3,0,,
2025-11-21 07:35:25,546,3,1,,
2025-11-21 07:35:25,546,3,1,2,vest
2025-11-21 07:35:25,547,3,1,,
2025-11-21 07:35:25,547,3,1,1,"helmet,vest"
2025-11-21 07:35:26,548,3,0,,
2025-11-21 07:35:26,549,3,1,,
2025-11-21 07:35:26,549,3,1,0,vest
2025-11-21 07:35:27,550,3,2,,
2025-11-21 07:35:27,550,3,2,0,helmet
2025-11-21 07:35:27,550,3,2,2,helmet
2025-11-21 07:35:27,551,3,3,,
2025-11-21 07:35:27,551,3,3,0,helmet
2025-11-21 07:35:27,551,3,3,1,vest
2025-11-21 07:35:27,551,3,3,2,vest
2025-11-21 07:35:28,552,3,1,,
2025-11-21 07:35:28,552,3,1,1,helmet
2025-11-21 07:35:28,553,3,0,,
2025-11-21 07:35:29,554,3,1,,
2025-11-21 07:35:29,554,3,1,2,helmet
2025-11-21 07:35:29,555,3,0,,
2025-11-21 07:35:30,556,3,0,,
2025-11-21 07:35:30,557,3,1,,
2025-11-21 07:35:30,557,3,1,2,helmet
2025-11-21 07:35:31,558,3,2,,
2025-11-21 07:35:31,558,3,2,1,"helmet,vest"
2025-11-21 07:35:31,558,3,2,2,"helmet,vest"
2025-11-21 07:35:31,559,3,1,,
2025-11-21 07:35:31,559,3,1,2,vest
2025-11-21 07:35:32,560,3,1,,
2025-11-21 07:35:32,560,3,1,2,"helmet,vest"
2025-11-21 07:35:32,561,3,0,,
2025-11-21 07:35:33,562,3,1,,
2025-11-21 07:35:33,562,3,1,0,helmet
2025-11-21 07:35:33,563,3,1,,
2025-11-21 07:35:33,563,3,1,0,helmet
2025-11-21 07:35:34,564,3,0,,
2025-11-21 07:35:34,565,3,1,,
2025-11-21 07:35:34,565,3,1,0,vest
2025-11-21 07:35:35,566,3,1,,
2025-11-21 07:35:35,566,3,1,2,vest
2025-11-21 07:35:35,567,3,0,,
2025-11-21 07:35:36,568,3,1,,
2025-11-21 07:35:36,568,3,1,2,"helmet,vest"
2025-11-21 07:35:36,569,3,0,,
2025-11-21 07:35:37,570,3,0,,
2025-11-21 07:35:37,571,3,0,,
2025-11-21 07:35:38,572,3,0,,
2025-11-21 07:35:39,573,3,1,,
2025-11-21 07:35:39,573,3,1,0,"helmet,vest"
2025-11-21 07:35:39,574,3,0,,
2025-11-21 07:35:40,575,3,0,,
2025-11-21 07:35:40,576,3,1,,
2025-11-21 07:35:40,576,3,1,1,helmet
2025-11-21 07:35:41,577,3,1,,
2025-11-21 07:35:41,577,3,1,2,"helmet,vest"
2025-11-21 07:35:41,578,3,1,,
2025-11-21 07:35:41,578,3,1,2,helmet
2025-11-21 07:35:42,579,3,0,,
2025-11-21 07:35:42,580,3,0,,
2025-11-21 07:35:43,581,3,0,,
2025-11-21 07:35:43,582,3,1,,
2025-11-21 07:35:43,582,3,1,2,"helmet,vest"
2025-11-21 07:35:44,583,3,1,,
2025-11-21 07:35:44,583,3,1,1,vest
2025-11-21 07:35:44,584,3,0,,
2025-11-21 07:35:45,585,3,0,,
2025-11-21 07:35:45,586,3,1,,
2025-11-21 07:35:45,586,3,1,1,"helmet,vest"
2025-11-21 07:35:46,587,3,0,,
2025-11-21 07:35:46,588,3,0,,
2025-11-21 07:35:47,589,3,0,,
2025-11-21 07:35:47,590,3,1,,
2025-11-21 07:35:47,590,3,1,1,vest
2025-11-21 07:35:48,591,3,0,,
2025-11-21 07:35:48,592,3,1,,
2025-11-21 07:35:48,592,3,1,0,helmet
2025-11-21 07:35:49,593,3,0,,
2025-11-21 07:35:49,594,3,0,,
2025-11-21 07:35:50,595,3,0,,
2025-11-21 07:35:50,596,3,1,,
2025-11-21 07:35:50,596,3,1,1,helmet
2025-11-21 07:35:51,597,3,0,,
2025-11-21 07:35:51,598,3,0,,
2025-11-21 07:35:52,599,3,1,,
2025-11-21 07:35:52,599,3,1,2,helmet
2025-11-21 07:35:52,600,3,0,,
2025-11-21 07:35:53,601,3,0,,
2025-11-21 07:35:53,602,3,0,,
2025-11-21 07:35:54,603,3,0,,
2025-11-21 07:35:54,604,3,0,,
2025-11-21 07:35:55,605,3,0,,
2025-11-21 07:35:55,606,3,1,,
2025-11-21 07:35:55,606,3,1,0,"helmet,vest"
2025-11-21 07:35:56,607,3,0,,
2025-11-21 07:35:56,608,3,1,,
2025-11-21 07:35:56,608,3,1,0,vest
2025-11-21 07:35:57,609,3,1,,
2025-11-21 07:35:57,609,3,1,2,vest
2025-11-21 07:35:58,610,3,0,,
2025-11-21 07:35:58,611,3,0,,
2025-11-21 07:35:59,612,3,0,,
2025-11-21 07:35:59,613,3,0,,
2025-11-21 07:36:00,614,3,2,,
2025-11-21 07:36:00,614,3,2,0,helmet
2025-11-21 07:36:00,614,3,2,1,vest
2025-11-21 07:36:00,615,3,1,,
2025-11-21 07:36:00,615,3,1,2,vest
2025-11-21 07:36:01,616,3,0,,
2025-11-21 07:36:01,617,3,1,,
2025-11-21 07:36:01,617,3,1,1,"helmet,vest"
2025-11-21 07:36:02,618,3,0,,
2025-11-21 07:36:02,619,3,0,,
2025-11-21 07:36:03,620,3,0,,
2025-11-21 07:36:03,621,3,0,,
2025-11-21 07:36:04,622,3,0,,
2025-11-21 07:36:04,623,3,1,,
2025-11-21 07:36:04,623,3,1,0,"helmet,vest"
2025-11-21 07:36:05,624,3,1,,
2025-11-21 07:36:05,624,3,1,1,vest
2025-11-21 07:36:05,625,3,0,,
2025-11-21 07:36:06,626,3,0,,
2025-11-21 07:36:06,627,3,0,,
2025-11-21 07:36:07,628,3,1,,
2025-11-21 07:36:07,628,3,1,2,"helmet,vest"
2025-11-21 07:36:07,629,3,2,,
2025-11-21 07:36:07,629,3,2,1,"helmet,vest"
2025-11-21 07:36:07,629,3,2,2,"helmet,vest"
2025-11-21 07:36:08,630,3,0,,
2025-11-21 07:36:08,631,3,0,,
2025-11-21 07:36:09,632,3,0,,
2025-11-21 07:36:09,633,3,1,,
2025-11-21 07:36:09,633,3,1,1,"helmet,vest"
2025-11-21 07:36:10,634,3,0,,
2025-11-21 07:36:10,635,3,1,,
2025-11-21 07:36:10,635,3,1,2,helmet
2025-11-21 07:36:11,636,3,0,,
2025-11-21 07:36:11,637,3,0,,
2025-11-21 07:36:12,638,3,0,,
2025-11-21 07:36:12,639,3,0,,
2025-11-21 07:36:13,640,3,1,,
2025-11-21 07:36:13,640,3,1,1,"helmet,vest"
2025-11-21 07:36:13,641,3,0,,
2025-11-21 07:36:14,642,3,1,,
2025-11-21 07:36:14,642,3,1,2,"helmet,vest"
2025-11-21 07:36:14,643,3,2,,
2025-11-21 07:36:14,643,3,2,1,helmet
2025-11-21 07:36:14,643,3,2,2,helmet
2025-11-21 07:36:15,644,3,0,,
2025-11-21 07:36:16,645,3,0,,
2025-11-21 07:36:16,646,3,2,,
2025-11-21 07:36:16,646,3,2,1,helmet
2025-11-21 07:36:16,646,3,2,2,"helmet,vest"
2025-11-21 07:36:17,647,3,1,,
2025-11-21 07:36:17,647,3,1,0,vest
2025-11-21 07:36:17,648,3,0,,
2025-11-21 07:36:18,649,3,0,,
2025-11-21 07:36:18,650,3,0,,
2025-11-21 07:36:19,651,3,1,,
2025-11-21 07:36:19,651,3,1,0,vest
2025-11-21 07:36:19,652,3,0,,
2025-11-21 07:36:20,653,3,1,,
2025-11-21 07:36:20,653,3,1,1,"helmet,vest"
2025-11-21 07:36:20,654,3,1,,
2025-11-21 07:36:20,654,3,1,0,"helmet,vest"
2025-11-21 07:36:21,655,3,0,,
2025-11-21 07:36:21,656,3,2,,
2025-11-21 07:36:21,656,3,2,1,vest
2025-11-21 07:36:21,656,3,2,2,"helmet,vest"
2025-11-21 07:36:22,657,3,0,,
2025-11-21 07:36:22,658,3,0,,
2025-11-21 07:36:23,659,3,1,,
2025-11-21 07:36:23,659,3,1,1,helmet
2025-11-21 07:36:23,660,3,1,,
2025-11-21 07:36:23,660,3,1,1,helmet
2025-11-21 07:36:24,661,3,0,,
2025-11-21 07:36:24,662,3,0,,
2025-11-21 07:36:25,663,3,0,,
2025-11-21 07:36:25,664,3,0,,
2025-11-21 07:36:26,665,3,1,,
2025-11-21 07:36:26,665,3,1,0,helmet
2025-11-21 07:36:26,666,3,1,,
2025-11-21 07:36:26,666,3,1,0,vest
2025-11-21 07:36:27,667,3,0,,
2025-11-21 07:36:27,668,3,0,,
2025-11-21 07:36:28,669,3,1,,
2025-11-21 07:36:28,669,3,1,1,"helmet,vest"
2025-11-21 07:36:28,670,3,1,,
2025-11-21 07:36:28,670,3,1,0,helmet
2025-11-21 07:36:29,671,3,1,,
2025-11-21 07:36:29,671,3,1,0,helmet
2025-11-21 07:36:29,672,3,1,,
2025-11-21 07:36:29,672,3,1,0,"helmet,vest"
2025-11-21 07:36:30,673,3,1,,
2025-11-21 07:36:30,673,3,1,0,"helmet,vest"
2025-11-21 07:36:30,674,3,0,,
2025-11-21 07:36:31,675,3,2,,
2025-11-21 07:36:31,675,3,2,1,vest
2025-11-21 07:36:31,675,3,2,2,"helmet,vest"
2025-11-21 07:36:31,676,3,1,,
2025-11-21 07:36:31,676,3,1,1,helmet
2025-11-21 07:36:32,677,3,1,,
2025-11-21 07:36:32,677,3,1,1,"helmet,vest"
2025-11-21 07:36:32,678,3,0,,
2025-11-21 07:36:33,679,3,0,,
2025-11-21 07:36:34,680,3,0,,
2025-11-21 07:36:34,681,3,1,,
2025-11-21 07:36:34,681,3,1,0,helmet
2025-11-21 07:36:35,682,3,0,,
2025-11-21 07:36:35,683,3,1,,
2025-11-21 07:36:35,683,3,1,1,helmet
2025-11-21 07:36:36,684,3,1,,
2025-11-21 07:36:36,684,3,1,1,helmet
2025-11-21 07:36:36,685,3,1,,
2025-11-21 07:36:36,685,3,1,0,"helmet,vest"
2025-11-21 07:36:37,686,3,1,,
2025-11-21 07:36:37,686,3,1,0,"helmet,vest"
2025-11-21 07:36:37,687,3,0,,
2025-11-21 07:36:38,688,3,0,,
2025-11-21 07:36:38,689,3,0,,
2025-11-21 07:36:39,690,3,1,,
2025-11-21 07:36:39,690,3,1,0,helmet
2025-11-21 07:36:39,691,3,0,,
2025-11-21 07:36:40,692,3,2,,
2025-11-21 07:36:40,692,3,2,0,vest
2025-11-21 07:36:40,692,3,2,1,"helmet,vest"
2025-11-21 07:36:40,693,3,1,,
2025-11-21 07:36:40,693,3,1,2,helmet
2025-11-21 07:36:41,694,3,0,,
2025-11-21 07:36:41,695,3,1,,
2025-11-21 07:36:41,695,3,1,0,vest
2025-11-21 07:36:42,696,3,0,,
2025-11-21 07:36:42,697,3,1,,
2025-11-21 07:36:42,697,3,1,2,helmet
2025-11-21 07:36:43,698,3,1,,
2025-11-21 07:36:43,698,3,1,0,"helmet,vest"
2025-11-21 07:36:43,699,3,1,,
2025-11-21 07:36:43,699,3,1,0,helmet
2025-11-21 07:36:44,700,3,2,,
2025-11-21 07:36:44,700,3,2,1,helmet
2025-11-21 07:36:44,700,3,2,2,vest
2025-11-21 07:36:44,701,3,3,,
2025-11-21 07:36:44,701,3,3,0,"helmet,vest"
2025-11-21 07:36:44,701,3,3,1,helmet
2025-11-21 07:36:44,701,3,3,2,"helmet,vest"
2025-11-21 07:36:45,702,3,0,,
2025-11-21 07:36:45,703,3,1,,
2025-11-21 07:36:45,703,3,1,0,vest
2025-11-21 07:36:46,704,3,0,,
2025-11-21 07:36:46,705,3,1,,
2025-11-21 07:36:46,705,3,1,1,vest
2025-11-21 07:36:47,706,3,0,,
2025-11-21 07:36:47,707,3,0,,
2025-11-21 07:36:48,708,3,1,,
2025-11-21 07:36:48,708,3,1,2,vest
2025-11-21 07:36:48,709,3,1,,
2025-11-21 07:36:48,709,3,1,0,vest
2025-11-21 07:36:49,710,3,1,,
2025-11-21 07:36:49,710,3,1,2,helmet
2025-11-21 07:36:49,711,3,0,,
2025-11-21 07:36:50,712,3,1,,
2025-11-21 07:36:50,712,3,1,1,helmet
2025-11-21 07:36:50,713,3,0,,
2025-11-21 07:36:51,714,3,1,,
2025-11-21 07:36:51,714,3,1,1,helmet
2025-11-21 07:36:51,715,3,0,,
2025-11-21 07:36:52,716,3,2,,
2025-11-21 07:36:52,716,3,2,0,"helmet,vest"
2025-11-21 07:36:52,716,3,2,2,"helmet,vest"
2025-11-21 07:36:52,717,3,0,,
2025-11-21 07:36:53,718,3,0,,
2025-11-21 07:36:53,719,3,1,,
2025-11-21 07:36:53,719,3,1,2,helmet
2025-11-21 07:36:54,720,3,1,,
2025-11-21 07:36:54,720,3,1,2,helmet
2025-11-21 07:36:54,721,3,0,,
2025-11-21 07:36:55,722,3,2,,
2025-11-21 07:36:55,722,3,2,1,helmet
2025-11-21 07:36:55,722,3,2,2,helmet
2025-11-21 07:36:55,723,3,1,,
2025-11-21 07:36:55,723,3,1,0,helmet
2025-11-21 07:36:56,724,3,1,,
2025-11-21 07:36:56,724,3,1,1,"helmet,vest"
2025-11-21 07:36:57,725,3,1,,
2025-11-21 07:36:57,725,3,1,1,vest
2025-11-21 07:36:57,726,3,1,,
2025-11-21 07:36:57,726,3,1,1,helmet
2025-11-21 07:36:58,727,3,0,,
2025-11-21 07:36:58,728,3,1,,
2025-11-21 07:36:58,728,3,1,2,"helmet,vest"
2025-11-21 07:36:59,729,3,1,,
2025-11-21 07:36:59,729,3,1,2,vest
2025-11-21 07:36:59,730,3,0,,
2025-11-21 07:37:00,731,3,0,,
2025-11-21 07:37:00,732,3,1,,
2025-11-21 07:37:00,732,3,1,2,helmet
2025-11-21 07:37:01,733,3,1,,
2025-11-21 07:37:01,733,3,1,1,vest
2025-11-21 07:37:01,734,3,1,,
2025-11-21 07:37:01,734,3,1,0,vest
2025-11-21 07:37:02,735,3,1,,
2025-11-21 07:37:02,735,3,1,2,helmet
2025-11-21 07:37:02,736,3,0,,
2025-11-21 07:37:03,737,3,0,,
2025-11-21 07:37:03,738,3,0,,
2025-11-21 07:37:04,739,3,1,,
2025-11-21 07:37:04,739,3,1,1,helmet
2025-11-21 07:37:04,740,3,1,,
2025-11-21 07:37:04,740,3,1,1,vest
2025-11-21 07:37:05,741,3,2,,
2025-11-21 07:37:05,741,3,2,1,"helmet,vest"
2025-11-21 07:37:05,741,3,2,2,vest
2025-11-21 07:37:05,742,3,0,,
2025-11-21 07:37:06,743,3,1,,
2025-11-21 07:37:06,743,3,1,1,vest
2025-11-21 07:37:06,744,3,0,,
2025-11-21 07:37:07,745,3,1,,
2025-11-21 07:37:07,745,3,1,2,"helmet,vest"
2025-11-21 07:37:07,746,3,1,,
2025-11-21 07:37:07,746,3,1,0,"helmet,vest"
2025-11-21 07:37:08,747,3,1,,
2025-11-21 07:37:08,747,3,1,0,helmet
2025-11-21 07:37:08,748,3,0,,
2025-11-21 07:37:09,749,3,2,,
2025-11-21 07:37:09,749,3,2,0,vest
2025-11-21 07:37:09,749,3,2,2,helmet
2025-11-21 07:37:09,750,3,0,,
2025-11-21 07:37:10,751,3,0,,
2025-11-21 07:37:10,752,3,3,,
2025-11-21 07:37:10,752,3,3,0,"helmet,vest"
2025-11-21 07:37:10,752,3,3,1,"helmet,vest"
2025-11-21 07:37:10,752,3,3,2,"helmet,vest"
2025-11-21 07:37:11,753,3,2,,
2025-11-21 07:37:11,753,3,2,1,helmet
2025-11-21 07:37:11,753,3,2,2,vest
2025-11-21 07:37:11,754,3,0,,
2025-11-21 07:37:12,755,3,0,,
2025-11-21 07:37:12,756,3,0,,
2025-11-21 07:37:13,757,3,0,,
2025-11-21 07:37:13,758,3,3,,
2025-11-21 07:37:13,758,3,3,0,helmet
2025-11-21 07:37:13,758,3,3,1,vest
2025-11-21 07:37:13,758,3,3,2,helmet
2025-11-21 07:37:14,759,3,0,,
2025-11-21 07:37:14,760,3,0,,
2025-11-21 07:37:15,761,3,0,,
2025-11-21 07:37:15,762,3,0,,
2025-11-21 07:37:16,763,3,0,,
2025-11-21 07:37:16,764,3,0,,
2025-11-21 07:37:17,765,3,0,,
2025-11-21 07:37:17,766,3,0,,
2025-11-21 07:37:18,767,3,1,,
2025-11-21 07:37:18,767,3,1,1,"helmet,vest"
2025-11-21 07:37:18,768,3,0,,
2025-11-21 07:37:19,769,3,1,,
2025-11-21 07:37:19,769,3,1,1,vest
2025-11-21 07:37:19,770,3,2,,
2025-11-21 07:37:19,770,3,2,0,vest
2025-11-21 07:37:19,770,3,2,2,"helmet,vest"
2025-11-21 07:37:20,771,3,0,,
2025-11-21 07:37:21,772,3,1,,
2025-11-21 07:37:21,772,3,1,1,"helmet,vest"
2025-11-21 07:37:21,773,3,0,,
2025-11-21 07:37:22,774,3,0,,
2025-11-21 07:37:22,775,3,0,,
2025-11-21 07:37:23,776,3,1,,
2025-11-21 07:37:23,776,3,1,0,helmet
2025-11-21 07:37:23,777,3,1,,
2025-11-21 07:37:23,777,3,1,0,"helmet,vest"
2025-11-21 07:37:24,778,3,0,,
2025-11-21 07:37:24,779,3,0,,
2025-11-21 07:37:25,780,3,0,,
2025-11-21 07:37:25,781,3,0,,
2025-11-21 07:37:26,782,3,0,,
2025-11-21 07:37:26,783,3,0,,
2025-11-21 07:37:27,784,3,1,,
2025-11-21 07:37:27,784,3,1,1,helmet
2025-11-21 07:37:27,785,3,2,,
2025-11-21 07:37:27,785,3,2,0,vest
2025-11-21 07:37:27,785,3,2,2,vest
2025-11-21 07:37:28,786,3,0,,
2025-11-21 07:37:28,787,3,3,,
2025-11-21 07:37:28,787,3,3,0,vest
2025-11-21 07:37:28,787,3,3,1,"helmet,vest"
2025-11-21 07:37:28,787,3,3,2,helmet
2025-11-21 07:37:29,788,3,1,,
2025-11-21 07:37:29,788,3,1,0,vest
2025-11-21 07:37:29,789,3,2,,
2025-11-21 07:37:29,789,3,2,1,"helmet,vest"
2025-11-21 07:37:29,789,3,2,2,"helmet,vest"
2025-11-21 07:37:30,790,3,0,,
2025-11-21 07:37:30,791,3,0,,
2025-11-21 07:37:31,792,3,1,,
2025-11-21 07:37:31,792,3,1,1,vest
2025-11-21 07:37:31,793,3,0,,
2025-11-21 07:37:32,794,3,1,,
2025-11-21 07:37:32,794,3,1,0,vest
2025-11-21 07:37:32,795,3,1,,
2025-11-21 07:37:32,795,3,1,2,"helmet,vest"
2025-11-21 07:37:33,796,3,2,,
2025-11-21 07:37:33,796,3,2,0,"helmet,vest"
2025-11-21 07:37:33,796,3,2,1,helmet
2025-11-21 07:37:33,797,3,2,,
2025-11-21 07:37:33,797,3,2,0,vest
2025-11-21 07:37:33,797,3,2,1,helmet
2025-11-21 07:37:34,798,3,0,,
2025-11-21 07:37:34,799,3,1,,
2025-11-21 07:37:34,799,3,1,1,vest
2025-11-21 07:37:35,800,3,1,,
2025-11-21 07:37:35,800,3,1,2,"helmet,vest"
2025-11-21 07:37:35,801,3,0,,
2025-11-21 07:37:36,802,3,1,,
2025-11-21 07:37:36,802,3,1,0,helmet
2025-11-21 07:37:36,803,3,1,,
2025-11-21 07:37:36,803,3,1,2,helmet
2025-11-21 07:37:37,804,3,0,,
2025-11-21 07:37:37,805,3,1,,
2025-11-21 07:37:37,805,3,1,0,vest
2025-11-21 07:37:38,806,3,1,,
2025-11-21 07:37:38,806,3,1,2,helmet
2025-11-21 07:37:38,807,3,0,,
2025-11-21 07:37:39,808,3,1,,
2025-11-21 07:37:39,808,3,1,2,vest
2025-11-21 07:37:39,809,3,1,,
2025-11-21 07:37:39,809,3,1,0,helmet
2025-11-21 07:37:40,810,3,0,,
2025-11-21 07:37:40,811,3,1,,
2025-11-21 07:37:40,811,3,1,0,"helmet,vest"
2025-11-21 07:37:41,812,3,0,,
2025-11-21 07:37:41,813,3,0,,
2025-11-21 07:38:02,1,3,0,,
2025-11-21 07:38:02,2,3,1,,
2025-11-21 07:38:02,2,3,1,0,helmet
2025-11-21 07:38:03,3,3,1,,
2025-11-21 07:38:03,3,3,1,1,vest
2025-11-21 07:38:03,4,3,1,,
2025-11-21 07:38:03,4,3,1,0,helmet
2025-11-21 07:38:04,5,3,2,,
2025-11-21 07:38:04,5,3,2,0,vest
2025-11-21 07:38:04,5,3,2,2,"helmet,vest"
2025-11-21 07:38:48,1,3,0,,
2025-11-21 07:38:49,2,3,0,,
2025-11-21 07:38:50,3,3,1,,
2025-11-21 07:38:50,3,3,1,1,"helmet,vest"
2025-11-21 07:38:50,4,3,0,,
2025-11-21 07:38:51,5,3,2,,
2025-11-21 07:38:51,5,3,2,0,helmet
2025-11-21 07:38:51,5,3,2,1,helmet
2025-11-21 07:38:51,6,3,0,,
2025-11-21 07:38:52,7,3,0,,
2025-11-21 07:38:52,8,3,0,,
2025-11-21 07:38:53,9,3,0,,
2025-11-21 07:38:53,10,3,1,,
2025-11-21 07:38:53,10,3,1,0,helmet
2025-11-21 07:38:54,11,3,0,,
2025-11-21 07:38:54,12,3,1,,
2025-11-21 07:38:54,12,3,1,1,vest
2025-11-21 07:38:55,13,3,0,,
2025-11-21 07:38:55,14,3,0,,
2025-11-21 07:38:56,1,3,0,,
2025-11-21 07:38:56,2,3,1,,
2025-11-21 07:38:56,2,3,1,2,vest
2025-11-21 07:38:57,3,3,0,,
2025-11-21 07:38:57,4,3,0,,
2025-11-21 07:38:58,5,3,1,,
2025-11-21 07:38:58,5,3,1,0,"helmet,vest"
2025-11-21 07:38:58,6,3,0,,
